question,answer,contexts,ground_truth,faithfulness,answer_relevancy,context_precision,context_recall
What are the top career options for a student good at mathematics?,"### Limited Information
Based on the provided context, there is no direct information about the top career options for a student good at mathematics. The documents mainly focus on the skills, education, and experiences of two individuals, Prasanna and Kavya, in the field of software development and computer science.

### Relevant Skills
However, we can infer that students good at mathematics may excel in fields related to:
* Data Structures and Algorithms, as mentioned in [Document 1 — PrasannaKonduri.pdf] and [Document 5 — Kavya_Resume.pdf]
* Problem-solving, as mentioned in [Document 5 — Kavya_Resume.pdf]
* Software development, as mentioned in [Document 1 — PrasannaKonduri.pdf] and [Document 5 — Kavya_Resume.pdf]

### Suggested Action
To get more accurate information about career options for students good at mathematics, it is recommended to upload more documents or provide additional context.","['KONDURI LAKSHMI PRASANNA\nkonduriprasanna22@gmail.com | 9381006697 | LinkedIn | GitHub\nOBJECTIVE\nSoftware engineering undergraduate with strong programming fundamentals in Java and data structures. Seeking an\ninternship opportunity to apply core computer science concepts, contribute to enterprise software development, and gain\nhands-on industry experience.\nEDUCATION\nShri Vishnu Engineering College for Women, Bhimavaram2024–2028\nB.Tech in Information Technology —9.38 CGPA\nBhashyam Junior College, Rajahmundry2022–2024\nIntermediate —97%\nVigjnana Mandir High School, Rajahmundry2022\nSSC —95.6%\nTECHNICAL SKILLS\n•Programming Languages:Java (Core Java, OOP), Python, C, JavaScript\n•Backend Development:Django, RESTful APIs\n•Databases:MongoDB\n•Web Technologies:React, HTML, CSS'
 '•Built central dashboard for real-time monitoring and emergency response.\nGitHub Report Generator(GitHub) Python, REST API\n•Built API-based system to analyze repository activity and contributor metrics.\n•Processed commits, pull requests, and issues to generate structured reports.\n•Implemented pagination and parsing for large API responses.\nStudent Management System(GitHub) Python, OOP\n•Developed CRUD application to manage student records.\n•Implemented input validation and exception handling.\nACHIEVEMENTS\n•5th Place— Inceptrix 2.0 National Hackathon among2400+ participants\n•LeetCode Rating: 1467— Solved300+ DSA problems\n•Top 4 of 118on Smart Interviews\n•CodeChef Rating: 1186\n•Hacktoberfest 2025 Contributor —6+ merged PRs\nCERTIFICATIONS'
 '•Backend Development:Django, RESTful APIs\n•Databases:MongoDB\n•Web Technologies:React, HTML, CSS\n•Tools & Platforms:Git, GitHub, Vercel\n•CS Fundamentals:Data Structures & Algorithms, Operating Systems, DBMS\nCODING PROFILES\n•LeetCode: leetcode.com/u/kondurilakshmiprasanna\n•Codeforces: codeforces.com/profile/Prasanna2025\n•CodeChef: codechef.com/users/prasanna_2025\nPROJECTS\nIVERAS – Intelligent Vehicle Emergency Response & Assistance System(GitHub | Live) React, JavaScript,\nVercel,MongoDB\n•Architected automated vehicle safety system with real-time accident detection.\n•Developed smart diagnostics for fuel monitoring and tire repair alerts.\n•Integrated women’s SOS safety trigger and anti-theft alert system.\n•Built central dashboard for real-time monitoring and emergency response.'
 'Job Title: Software Developer (Java)\n\nLocation: Bangalore, India\n\nJob Type: Full-time\n\nJob Description: We are looking for a passionate and motivated Software\nDeveloper with strong knowledge of Java to join our dynamic development\nteam. The candidate will be responsible for designing, developing, and\nmaintaining scalable applications.\n\nKey Responsibilities: - Develop high-quality software design and\narchitecture - Write clean, efficient, and well-documented code in\nJava - Collaborate with cross-functional teams to define and ship new\nfeatures - Troubleshoot, debug, and upgrade existing systems -\nParticipate in code reviews and improve development practices'
 'KOTAGIRI KA VY A SRI\nkotagirikavyasri1845@gmail.com | 6305204700 | LinkedIn | GitHub\nOBJECTIVE\nMotivated and detail-oriented student with a strong interest in problem-solving and software development. Currently building a solid\nfoundation in Data Structures and Algorithms using Java, and seeking an internship to apply technical skills while contributing to\nreal-world software projects.\nEDUCATION\nShri Vishnu Engineering College for Women, Bhimavaram 2024–2028\nB.Tech in IT, CGPA: 9.02\nPrathibha Junior College, Rajahmundry 2022–2024\nIntermediate, 96.8%\nDR KKRS Gowtham High School, Rajahmundry 2022\nSSC, 93%\nSKILLS\n• Languages: Java, Python, C\n• Web: HTML, CSS\n• Databases & Tools: MySQL, Git, GitHub\n• Core: Data Structures & Algorithms, Problem Solving\nCODING PROFILES\n• LeetCode\n• Codeforces'
 '• Developed a CRUD-based record management system for student data with validation.\nCERTIFICATIONS\n• Java Programming Fundamentals – Infosys Springboard, 2025 — Learned OOP, collections, exception handling.\n• Prompt Engineering – 2025 — Learned structured prompt optimization.\nACHIEVEMENTS\n• Recipient of the FFE–AFE Scholarship in recognition of academic performance and leadership potential.\n• Achieved a LeetCode rating of 1495 (Top 45%).\n• Secured 2nd position in Tech With Fun (Group Discussion) organized by ISTE Student Chapter.\n• Hacktoberfest 2025 — Completed the open-source contribution challenge by submitting six+ qualified PRs/MRs across public repositories, earning\nthe official Super Contributor badge.']","A student good at mathematics can pursue careers like Software Engineering, Data Science, Financial Analyst, Actuary, or Teaching Mathematics.",,,,
What skills are needed to become a software engineer?,"### Required Skills for a Software Engineer
According to the provided documents, the following skills are necessary to become a software engineer:
* **Programming Languages**: Java, Python, C, JavaScript [Document 1 — PrasannaKonduri.pdf, Document 5 — Kavya_Resume.pdf]
* **Backend Development**: Django, RESTful APIs [Document 1 — PrasannaKonduri.pdf]
* **Databases**: MongoDB, MySQL [Document 1 — PrasannaKonduri.pdf, Document 5 — Kavya_Resume.pdf, Document 6 — job_description.txt]
* **Web Technologies**: React, HTML, CSS [Document 1 — PrasannaKonduri.pdf, Document 5 — Kavya_Resume.pdf]
* **Data Structures and Algorithms**: Problem-solving and analytical skills [Document 5 — Kavya_Resume.pdf, Document 6 — job_description.txt]
* **Version Control Systems**: Git, GitHub [Document 5 — Kavya_Resume.pdf, Document 6 — job_description.txt]
* **Spring Framework**: Spring Boot preferred [Document 6 — job_description.txt]
* **REST APIs**: Understanding of REST APIs [Document 6 — job_description.txt]

These skills can be found in various documents, including [Document 1 — PrasannaKonduri.pdf], [Document 5 — Kavya_Resume.pdf], and [Document 6 — job_description.txt].","['KONDURI LAKSHMI PRASANNA\nkonduriprasanna22@gmail.com | 9381006697 | LinkedIn | GitHub\nOBJECTIVE\nSoftware engineering undergraduate with strong programming fundamentals in Java and data structures. Seeking an\ninternship opportunity to apply core computer science concepts, contribute to enterprise software development, and gain\nhands-on industry experience.\nEDUCATION\nShri Vishnu Engineering College for Women, Bhimavaram2024–2028\nB.Tech in Information Technology —9.38 CGPA\nBhashyam Junior College, Rajahmundry2022–2024\nIntermediate —97%\nVigjnana Mandir High School, Rajahmundry2022\nSSC —95.6%\nTECHNICAL SKILLS\n•Programming Languages:Java (Core Java, OOP), Python, C, JavaScript\n•Backend Development:Django, RESTful APIs\n•Databases:MongoDB\n•Web Technologies:React, HTML, CSS'
 '•Built central dashboard for real-time monitoring and emergency response.\nGitHub Report Generator(GitHub) Python, REST API\n•Built API-based system to analyze repository activity and contributor metrics.\n•Processed commits, pull requests, and issues to generate structured reports.\n•Implemented pagination and parsing for large API responses.\nStudent Management System(GitHub) Python, OOP\n•Developed CRUD application to manage student records.\n•Implemented input validation and exception handling.\nACHIEVEMENTS\n•5th Place— Inceptrix 2.0 National Hackathon among2400+ participants\n•LeetCode Rating: 1467— Solved300+ DSA problems\n•Top 4 of 118on Smart Interviews\n•CodeChef Rating: 1186\n•Hacktoberfest 2025 Contributor —6+ merged PRs\nCERTIFICATIONS'
 '•CodeChef Rating: 1186\n•Hacktoberfest 2025 Contributor —6+ merged PRs\nCERTIFICATIONS\n•Java Programming Fundamentals — Infosys Springboard (2025)\n•Introducing Generative AI with AWS — AWS (2025)\n•Prompt Engineering — 2025\nEXTRA-CURRICULAR\n•Peer Mentor, VSSC — Mentored juniors in programming\n•SheFi Scholar — Cohort 15'
 'Job Title: Software Developer (Java)\n\nLocation: Bangalore, India\n\nJob Type: Full-time\n\nJob Description: We are looking for a passionate and motivated Software\nDeveloper with strong knowledge of Java to join our dynamic development\nteam. The candidate will be responsible for designing, developing, and\nmaintaining scalable applications.\n\nKey Responsibilities: - Develop high-quality software design and\narchitecture - Write clean, efficient, and well-documented code in\nJava - Collaborate with cross-functional teams to define and ship new\nfeatures - Troubleshoot, debug, and upgrade existing systems -\nParticipate in code reviews and improve development practices'
 'KOTAGIRI KA VY A SRI\nkotagirikavyasri1845@gmail.com | 6305204700 | LinkedIn | GitHub\nOBJECTIVE\nMotivated and detail-oriented student with a strong interest in problem-solving and software development. Currently building a solid\nfoundation in Data Structures and Algorithms using Java, and seeking an internship to apply technical skills while contributing to\nreal-world software projects.\nEDUCATION\nShri Vishnu Engineering College for Women, Bhimavaram 2024–2028\nB.Tech in IT, CGPA: 9.02\nPrathibha Junior College, Rajahmundry 2022–2024\nIntermediate, 96.8%\nDR KKRS Gowtham High School, Rajahmundry 2022\nSSC, 93%\nSKILLS\n• Languages: Java, Python, C\n• Web: HTML, CSS\n• Databases & Tools: MySQL, Git, GitHub\n• Core: Data Structures & Algorithms, Problem Solving\nCODING PROFILES\n• LeetCode\n• Codeforces'
 'Required Skills: - Strong understanding of Java and OOP concepts -\nFamiliarity with Spring Framework (Spring Boot preferred) - Basic\nknowledge of databases like MySQL or MongoDB - Understanding of REST\nAPIs - Problem-solving and analytical skills\n\nPreferred Qualifications: - Experience with version control systems like\nGit - Knowledge of web technologies (HTML, CSS, JavaScript) - Internship\nor project experience in software development\n\nSalary: Competitive, based on experience\n\nCompany: TechNova Solutions Pvt Ltd']","Skills needed include programming languages like Python and Java, data structures, algorithms, problem solving, and system design.",,,,
What is the fresher salary for a data scientist in India?,📂 No relevant information found in your uploaded documents. Please upload documents and rebuild the knowledge base.,"['KONDURI LAKSHMI PRASANNA\nkonduriprasanna22@gmail.com | 9381006697 | LinkedIn | GitHub\nOBJECTIVE\nSoftware engineering undergraduate with strong programming fundamentals in Java and data structures. Seeking an\ninternship opportunity to apply core computer science concepts, contribute to enterprise software development, and gain\nhands-on industry experience.\nEDUCATION\nShri Vishnu Engineering College for Women, Bhimavaram2024–2028\nB.Tech in Information Technology —9.38 CGPA\nBhashyam Junior College, Rajahmundry2022–2024\nIntermediate —97%\nVigjnana Mandir High School, Rajahmundry2022\nSSC —95.6%\nTECHNICAL SKILLS\n•Programming Languages:Java (Core Java, OOP), Python, C, JavaScript\n•Backend Development:Django, RESTful APIs\n•Databases:MongoDB\n•Web Technologies:React, HTML, CSS'
 '•Built central dashboard for real-time monitoring and emergency response.\nGitHub Report Generator(GitHub) Python, REST API\n•Built API-based system to analyze repository activity and contributor metrics.\n•Processed commits, pull requests, and issues to generate structured reports.\n•Implemented pagination and parsing for large API responses.\nStudent Management System(GitHub) Python, OOP\n•Developed CRUD application to manage student records.\n•Implemented input validation and exception handling.\nACHIEVEMENTS\n•5th Place— Inceptrix 2.0 National Hackathon among2400+ participants\n•LeetCode Rating: 1467— Solved300+ DSA problems\n•Top 4 of 118on Smart Interviews\n•CodeChef Rating: 1186\n•Hacktoberfest 2025 Contributor —6+ merged PRs\nCERTIFICATIONS'
 '•CodeChef Rating: 1186\n•Hacktoberfest 2025 Contributor —6+ merged PRs\nCERTIFICATIONS\n•Java Programming Fundamentals — Infosys Springboard (2025)\n•Introducing Generative AI with AWS — AWS (2025)\n•Prompt Engineering — 2025\nEXTRA-CURRICULAR\n•Peer Mentor, VSSC — Mentored juniors in programming\n•SheFi Scholar — Cohort 15'
 'Job Title: Software Developer (Java)\n\nLocation: Bangalore, India\n\nJob Type: Full-time\n\nJob Description: We are looking for a passionate and motivated Software\nDeveloper with strong knowledge of Java to join our dynamic development\nteam. The candidate will be responsible for designing, developing, and\nmaintaining scalable applications.\n\nKey Responsibilities: - Develop high-quality software design and\narchitecture - Write clean, efficient, and well-documented code in\nJava - Collaborate with cross-functional teams to define and ship new\nfeatures - Troubleshoot, debug, and upgrade existing systems -\nParticipate in code reviews and improve development practices'
 '• Developed a CRUD-based record management system for student data with validation.\nCERTIFICATIONS\n• Java Programming Fundamentals – Infosys Springboard, 2025 — Learned OOP, collections, exception handling.\n• Prompt Engineering – 2025 — Learned structured prompt optimization.\nACHIEVEMENTS\n• Recipient of the FFE–AFE Scholarship in recognition of academic performance and leadership potential.\n• Achieved a LeetCode rating of 1495 (Top 45%).\n• Secured 2nd position in Tech With Fun (Group Discussion) organized by ISTE Student Chapter.\n• Hacktoberfest 2025 — Completed the open-source contribution challenge by submitting six+ qualified PRs/MRs across public repositories, earning\nthe official Super Contributor badge.'
 'KOTAGIRI KA VY A SRI\nkotagirikavyasri1845@gmail.com | 6305204700 | LinkedIn | GitHub\nOBJECTIVE\nMotivated and detail-oriented student with a strong interest in problem-solving and software development. Currently building a solid\nfoundation in Data Structures and Algorithms using Java, and seeking an internship to apply technical skills while contributing to\nreal-world software projects.\nEDUCATION\nShri Vishnu Engineering College for Women, Bhimavaram 2024–2028\nB.Tech in IT, CGPA: 9.02\nPrathibha Junior College, Rajahmundry 2022–2024\nIntermediate, 96.8%\nDR KKRS Gowtham High School, Rajahmundry 2022\nSSC, 93%\nSKILLS\n• Languages: Java, Python, C\n• Web: HTML, CSS\n• Databases & Tools: MySQL, Git, GitHub\n• Core: Data Structures & Algorithms, Problem Solving\nCODING PROFILES\n• LeetCode\n• Codeforces']",A fresher data scientist in India earns between 40000 to 80000 rupees per month.,,,,
Which Indian colleges offer computer science courses?,"### Indian Colleges Offering Computer Science Courses
Based on the provided context, the following Indian colleges offer computer science courses:

* Shri Vishnu Engineering College for Women, Bhimavaram
* Bhashyam Junior College, Rajahmundry (offers Intermediate courses)
* Prathibha Junior College, Rajahmundry (offers Intermediate courses)
* VSSC (mentioned as the institution where Konduri Prasanna was a Peer Mentor, but no specific details about computer science courses are provided)
* DR KKRS Gowtham High School, Rajahmundry (offers SSC courses)

Please note that this information is limited to the context provided and may not be an exhaustive list of Indian colleges offering computer science courses. 
**(Reference: Document 1 — PrasannaKonduri.pdf, Document 4 — Kavya_Resume.pdf)**","['KONDURI LAKSHMI PRASANNA\nkonduriprasanna22@gmail.com | 9381006697 | LinkedIn | GitHub\nOBJECTIVE\nSoftware engineering undergraduate with strong programming fundamentals in Java and data structures. Seeking an\ninternship opportunity to apply core computer science concepts, contribute to enterprise software development, and gain\nhands-on industry experience.\nEDUCATION\nShri Vishnu Engineering College for Women, Bhimavaram2024–2028\nB.Tech in Information Technology —9.38 CGPA\nBhashyam Junior College, Rajahmundry2022–2024\nIntermediate —97%\nVigjnana Mandir High School, Rajahmundry2022\nSSC —95.6%\nTECHNICAL SKILLS\n•Programming Languages:Java (Core Java, OOP), Python, C, JavaScript\n•Backend Development:Django, RESTful APIs\n•Databases:MongoDB\n•Web Technologies:React, HTML, CSS'
 '•CodeChef Rating: 1186\n•Hacktoberfest 2025 Contributor —6+ merged PRs\nCERTIFICATIONS\n•Java Programming Fundamentals — Infosys Springboard (2025)\n•Introducing Generative AI with AWS — AWS (2025)\n•Prompt Engineering — 2025\nEXTRA-CURRICULAR\n•Peer Mentor, VSSC — Mentored juniors in programming\n•SheFi Scholar — Cohort 15'
 '•Built central dashboard for real-time monitoring and emergency response.\nGitHub Report Generator(GitHub) Python, REST API\n•Built API-based system to analyze repository activity and contributor metrics.\n•Processed commits, pull requests, and issues to generate structured reports.\n•Implemented pagination and parsing for large API responses.\nStudent Management System(GitHub) Python, OOP\n•Developed CRUD application to manage student records.\n•Implemented input validation and exception handling.\nACHIEVEMENTS\n•5th Place— Inceptrix 2.0 National Hackathon among2400+ participants\n•LeetCode Rating: 1467— Solved300+ DSA problems\n•Top 4 of 118on Smart Interviews\n•CodeChef Rating: 1186\n•Hacktoberfest 2025 Contributor —6+ merged PRs\nCERTIFICATIONS'
 'KOTAGIRI KA VY A SRI\nkotagirikavyasri1845@gmail.com | 6305204700 | LinkedIn | GitHub\nOBJECTIVE\nMotivated and detail-oriented student with a strong interest in problem-solving and software development. Currently building a solid\nfoundation in Data Structures and Algorithms using Java, and seeking an internship to apply technical skills while contributing to\nreal-world software projects.\nEDUCATION\nShri Vishnu Engineering College for Women, Bhimavaram 2024–2028\nB.Tech in IT, CGPA: 9.02\nPrathibha Junior College, Rajahmundry 2022–2024\nIntermediate, 96.8%\nDR KKRS Gowtham High School, Rajahmundry 2022\nSSC, 93%\nSKILLS\n• Languages: Java, Python, C\n• Web: HTML, CSS\n• Databases & Tools: MySQL, Git, GitHub\n• Core: Data Structures & Algorithms, Problem Solving\nCODING PROFILES\n• LeetCode\n• Codeforces'
 '• Core: Data Structures & Algorithms, Problem Solving\nCODING PROFILES\n• LeetCode\n• Codeforces\n• CodeChef\nPROJECTS\nDataSense – Intelligent Log Analyzer (GitHub) Core Java, File I/O, Regex\n• Built a core-Java log analysis tool parsing unstructured logs and extracting recurring patterns.\n• Implemented regex-based parsing, n-gram pattern mining, and noise reduction.\n• CLI workflow for scanning log directories and exporting summaries to CSV/JSON.\nGitHub Report Generator (GitHub) Python, GitHub API\n• Fetches user statistics using GitHub API (commits, last activity) for any given username.\nStudent Management System (GitHub) Python\n• Developed a CRUD-based record management system for student data with validation.\nCERTIFICATIONS'
 'Job Title: Software Developer (Java)\n\nLocation: Bangalore, India\n\nJob Type: Full-time\n\nJob Description: We are looking for a passionate and motivated Software\nDeveloper with strong knowledge of Java to join our dynamic development\nteam. The candidate will be responsible for designing, developing, and\nmaintaining scalable applications.\n\nKey Responsibilities: - Develop high-quality software design and\narchitecture - Write clean, efficient, and well-documented code in\nJava - Collaborate with cross-functional teams to define and ship new\nfeatures - Troubleshoot, debug, and upgrade existing systems -\nParticipate in code reviews and improve development practices']","Top Indian colleges for computer science include IITs, NITs, BITS Pilani, VIT, SRM, and Manipal.",,,0.0,
What careers are suitable for a biology student?,"📂 No relevant information found in your uploaded documents. Please upload documents and rebuild the knowledge base. 

The provided context does not mention biology or any related fields, and all the documents seem to be focused on computer science, software development, and information technology.","['KONDURI LAKSHMI PRASANNA\nkonduriprasanna22@gmail.com | 9381006697 | LinkedIn | GitHub\nOBJECTIVE\nSoftware engineering undergraduate with strong programming fundamentals in Java and data structures. Seeking an\ninternship opportunity to apply core computer science concepts, contribute to enterprise software development, and gain\nhands-on industry experience.\nEDUCATION\nShri Vishnu Engineering College for Women, Bhimavaram2024–2028\nB.Tech in Information Technology —9.38 CGPA\nBhashyam Junior College, Rajahmundry2022–2024\nIntermediate —97%\nVigjnana Mandir High School, Rajahmundry2022\nSSC —95.6%\nTECHNICAL SKILLS\n•Programming Languages:Java (Core Java, OOP), Python, C, JavaScript\n•Backend Development:Django, RESTful APIs\n•Databases:MongoDB\n•Web Technologies:React, HTML, CSS'
 '•Backend Development:Django, RESTful APIs\n•Databases:MongoDB\n•Web Technologies:React, HTML, CSS\n•Tools & Platforms:Git, GitHub, Vercel\n•CS Fundamentals:Data Structures & Algorithms, Operating Systems, DBMS\nCODING PROFILES\n•LeetCode: leetcode.com/u/kondurilakshmiprasanna\n•Codeforces: codeforces.com/profile/Prasanna2025\n•CodeChef: codechef.com/users/prasanna_2025\nPROJECTS\nIVERAS – Intelligent Vehicle Emergency Response & Assistance System(GitHub | Live) React, JavaScript,\nVercel,MongoDB\n•Architected automated vehicle safety system with real-time accident detection.\n•Developed smart diagnostics for fuel monitoring and tire repair alerts.\n•Integrated women’s SOS safety trigger and anti-theft alert system.\n•Built central dashboard for real-time monitoring and emergency response.'
 '•Built central dashboard for real-time monitoring and emergency response.\nGitHub Report Generator(GitHub) Python, REST API\n•Built API-based system to analyze repository activity and contributor metrics.\n•Processed commits, pull requests, and issues to generate structured reports.\n•Implemented pagination and parsing for large API responses.\nStudent Management System(GitHub) Python, OOP\n•Developed CRUD application to manage student records.\n•Implemented input validation and exception handling.\nACHIEVEMENTS\n•5th Place— Inceptrix 2.0 National Hackathon among2400+ participants\n•LeetCode Rating: 1467— Solved300+ DSA problems\n•Top 4 of 118on Smart Interviews\n•CodeChef Rating: 1186\n•Hacktoberfest 2025 Contributor —6+ merged PRs\nCERTIFICATIONS'
 'Job Title: Software Developer (Java)\n\nLocation: Bangalore, India\n\nJob Type: Full-time\n\nJob Description: We are looking for a passionate and motivated Software\nDeveloper with strong knowledge of Java to join our dynamic development\nteam. The candidate will be responsible for designing, developing, and\nmaintaining scalable applications.\n\nKey Responsibilities: - Develop high-quality software design and\narchitecture - Write clean, efficient, and well-documented code in\nJava - Collaborate with cross-functional teams to define and ship new\nfeatures - Troubleshoot, debug, and upgrade existing systems -\nParticipate in code reviews and improve development practices'
 'KOTAGIRI KA VY A SRI\nkotagirikavyasri1845@gmail.com | 6305204700 | LinkedIn | GitHub\nOBJECTIVE\nMotivated and detail-oriented student with a strong interest in problem-solving and software development. Currently building a solid\nfoundation in Data Structures and Algorithms using Java, and seeking an internship to apply technical skills while contributing to\nreal-world software projects.\nEDUCATION\nShri Vishnu Engineering College for Women, Bhimavaram 2024–2028\nB.Tech in IT, CGPA: 9.02\nPrathibha Junior College, Rajahmundry 2022–2024\nIntermediate, 96.8%\nDR KKRS Gowtham High School, Rajahmundry 2022\nSSC, 93%\nSKILLS\n• Languages: Java, Python, C\n• Web: HTML, CSS\n• Databases & Tools: MySQL, Git, GitHub\n• Core: Data Structures & Algorithms, Problem Solving\nCODING PROFILES\n• LeetCode\n• Codeforces'
 '• Core: Data Structures & Algorithms, Problem Solving\nCODING PROFILES\n• LeetCode\n• Codeforces\n• CodeChef\nPROJECTS\nDataSense – Intelligent Log Analyzer (GitHub) Core Java, File I/O, Regex\n• Built a core-Java log analysis tool parsing unstructured logs and extracting recurring patterns.\n• Implemented regex-based parsing, n-gram pattern mining, and noise reduction.\n• CLI workflow for scanning log directories and exporting summaries to CSV/JSON.\nGitHub Report Generator (GitHub) Python, GitHub API\n• Fetches user statistics using GitHub API (commits, last activity) for any given username.\nStudent Management System (GitHub) Python\n• Developed a CRUD-based record management system for student data with validation.\nCERTIFICATIONS']","Biology students can pursue careers in Medicine, Pharmacy, Biotechnology, Microbiology, or Nursing.",,,0.0,
What is the salary of a doctor in India?,📂 No relevant information found in your uploaded documents. Please upload documents and rebuild the knowledge base.,"['KONDURI LAKSHMI PRASANNA\nkonduriprasanna22@gmail.com | 9381006697 | LinkedIn | GitHub\nOBJECTIVE\nSoftware engineering undergraduate with strong programming fundamentals in Java and data structures. Seeking an\ninternship opportunity to apply core computer science concepts, contribute to enterprise software development, and gain\nhands-on industry experience.\nEDUCATION\nShri Vishnu Engineering College for Women, Bhimavaram2024–2028\nB.Tech in Information Technology —9.38 CGPA\nBhashyam Junior College, Rajahmundry2022–2024\nIntermediate —97%\nVigjnana Mandir High School, Rajahmundry2022\nSSC —95.6%\nTECHNICAL SKILLS\n•Programming Languages:Java (Core Java, OOP), Python, C, JavaScript\n•Backend Development:Django, RESTful APIs\n•Databases:MongoDB\n•Web Technologies:React, HTML, CSS'
 '•Built central dashboard for real-time monitoring and emergency response.\nGitHub Report Generator(GitHub) Python, REST API\n•Built API-based system to analyze repository activity and contributor metrics.\n•Processed commits, pull requests, and issues to generate structured reports.\n•Implemented pagination and parsing for large API responses.\nStudent Management System(GitHub) Python, OOP\n•Developed CRUD application to manage student records.\n•Implemented input validation and exception handling.\nACHIEVEMENTS\n•5th Place— Inceptrix 2.0 National Hackathon among2400+ participants\n•LeetCode Rating: 1467— Solved300+ DSA problems\n•Top 4 of 118on Smart Interviews\n•CodeChef Rating: 1186\n•Hacktoberfest 2025 Contributor —6+ merged PRs\nCERTIFICATIONS'
 '•CodeChef Rating: 1186\n•Hacktoberfest 2025 Contributor —6+ merged PRs\nCERTIFICATIONS\n•Java Programming Fundamentals — Infosys Springboard (2025)\n•Introducing Generative AI with AWS — AWS (2025)\n•Prompt Engineering — 2025\nEXTRA-CURRICULAR\n•Peer Mentor, VSSC — Mentored juniors in programming\n•SheFi Scholar — Cohort 15'
 'Job Title: Software Developer (Java)\n\nLocation: Bangalore, India\n\nJob Type: Full-time\n\nJob Description: We are looking for a passionate and motivated Software\nDeveloper with strong knowledge of Java to join our dynamic development\nteam. The candidate will be responsible for designing, developing, and\nmaintaining scalable applications.\n\nKey Responsibilities: - Develop high-quality software design and\narchitecture - Write clean, efficient, and well-documented code in\nJava - Collaborate with cross-functional teams to define and ship new\nfeatures - Troubleshoot, debug, and upgrade existing systems -\nParticipate in code reviews and improve development practices'
 'Required Skills: - Strong understanding of Java and OOP concepts -\nFamiliarity with Spring Framework (Spring Boot preferred) - Basic\nknowledge of databases like MySQL or MongoDB - Understanding of REST\nAPIs - Problem-solving and analytical skills\n\nPreferred Qualifications: - Experience with version control systems like\nGit - Knowledge of web technologies (HTML, CSS, JavaScript) - Internship\nor project experience in software development\n\nSalary: Competitive, based on experience\n\nCompany: TechNova Solutions Pvt Ltd'
 'KOTAGIRI KA VY A SRI\nkotagirikavyasri1845@gmail.com | 6305204700 | LinkedIn | GitHub\nOBJECTIVE\nMotivated and detail-oriented student with a strong interest in problem-solving and software development. Currently building a solid\nfoundation in Data Structures and Algorithms using Java, and seeking an internship to apply technical skills while contributing to\nreal-world software projects.\nEDUCATION\nShri Vishnu Engineering College for Women, Bhimavaram 2024–2028\nB.Tech in IT, CGPA: 9.02\nPrathibha Junior College, Rajahmundry 2022–2024\nIntermediate, 96.8%\nDR KKRS Gowtham High School, Rajahmundry 2022\nSSC, 93%\nSKILLS\n• Languages: Java, Python, C\n• Web: HTML, CSS\n• Databases & Tools: MySQL, Git, GitHub\n• Core: Data Structures & Algorithms, Problem Solving\nCODING PROFILES\n• LeetCode\n• Codeforces']",A fresher MBBS doctor earns 40000 to 70000 rupees per month. A specialist earns 100000 to 300000 rupees per month.,,,0.0,
What skills are needed to become a graphic designer?,"## Relevant Information
The provided context does not contain specific information about the skills required to become a graphic designer. The documents primarily focus on software development, programming, and related technical skills.

## Suggestion
To find the necessary skills for a graphic designer, it is recommended to upload documents related to graphic design, such as job descriptions, resumes, or course outlines, and rebuild the knowledge base.

## Current Context Limitations
The current context is limited to software development and programming, with skills mentioned including:
* Programming languages: Java, Python, C, JavaScript
* Backend development: Django, RESTful APIs
* Databases: MongoDB, MySQL
* Web technologies: React, HTML, CSS
* Tools & platforms: Git, GitHub, Vercel

These skills are not directly relevant to graphic design. 

Please upload relevant documents to get accurate information about the skills needed to become a graphic designer.","['KONDURI LAKSHMI PRASANNA\nkonduriprasanna22@gmail.com | 9381006697 | LinkedIn | GitHub\nOBJECTIVE\nSoftware engineering undergraduate with strong programming fundamentals in Java and data structures. Seeking an\ninternship opportunity to apply core computer science concepts, contribute to enterprise software development, and gain\nhands-on industry experience.\nEDUCATION\nShri Vishnu Engineering College for Women, Bhimavaram2024–2028\nB.Tech in Information Technology —9.38 CGPA\nBhashyam Junior College, Rajahmundry2022–2024\nIntermediate —97%\nVigjnana Mandir High School, Rajahmundry2022\nSSC —95.6%\nTECHNICAL SKILLS\n•Programming Languages:Java (Core Java, OOP), Python, C, JavaScript\n•Backend Development:Django, RESTful APIs\n•Databases:MongoDB\n•Web Technologies:React, HTML, CSS'
 '•CodeChef Rating: 1186\n•Hacktoberfest 2025 Contributor —6+ merged PRs\nCERTIFICATIONS\n•Java Programming Fundamentals — Infosys Springboard (2025)\n•Introducing Generative AI with AWS — AWS (2025)\n•Prompt Engineering — 2025\nEXTRA-CURRICULAR\n•Peer Mentor, VSSC — Mentored juniors in programming\n•SheFi Scholar — Cohort 15'
 '•Backend Development:Django, RESTful APIs\n•Databases:MongoDB\n•Web Technologies:React, HTML, CSS\n•Tools & Platforms:Git, GitHub, Vercel\n•CS Fundamentals:Data Structures & Algorithms, Operating Systems, DBMS\nCODING PROFILES\n•LeetCode: leetcode.com/u/kondurilakshmiprasanna\n•Codeforces: codeforces.com/profile/Prasanna2025\n•CodeChef: codechef.com/users/prasanna_2025\nPROJECTS\nIVERAS – Intelligent Vehicle Emergency Response & Assistance System(GitHub | Live) React, JavaScript,\nVercel,MongoDB\n•Architected automated vehicle safety system with real-time accident detection.\n•Developed smart diagnostics for fuel monitoring and tire repair alerts.\n•Integrated women’s SOS safety trigger and anti-theft alert system.\n•Built central dashboard for real-time monitoring and emergency response.'
 'KOTAGIRI KA VY A SRI\nkotagirikavyasri1845@gmail.com | 6305204700 | LinkedIn | GitHub\nOBJECTIVE\nMotivated and detail-oriented student with a strong interest in problem-solving and software development. Currently building a solid\nfoundation in Data Structures and Algorithms using Java, and seeking an internship to apply technical skills while contributing to\nreal-world software projects.\nEDUCATION\nShri Vishnu Engineering College for Women, Bhimavaram 2024–2028\nB.Tech in IT, CGPA: 9.02\nPrathibha Junior College, Rajahmundry 2022–2024\nIntermediate, 96.8%\nDR KKRS Gowtham High School, Rajahmundry 2022\nSSC, 93%\nSKILLS\n• Languages: Java, Python, C\n• Web: HTML, CSS\n• Databases & Tools: MySQL, Git, GitHub\n• Core: Data Structures & Algorithms, Problem Solving\nCODING PROFILES\n• LeetCode\n• Codeforces'
 'Job Title: Software Developer (Java)\n\nLocation: Bangalore, India\n\nJob Type: Full-time\n\nJob Description: We are looking for a passionate and motivated Software\nDeveloper with strong knowledge of Java to join our dynamic development\nteam. The candidate will be responsible for designing, developing, and\nmaintaining scalable applications.\n\nKey Responsibilities: - Develop high-quality software design and\narchitecture - Write clean, efficient, and well-documented code in\nJava - Collaborate with cross-functional teams to define and ship new\nfeatures - Troubleshoot, debug, and upgrade existing systems -\nParticipate in code reviews and improve development practices'
 'Required Skills: - Strong understanding of Java and OOP concepts -\nFamiliarity with Spring Framework (Spring Boot preferred) - Basic\nknowledge of databases like MySQL or MongoDB - Understanding of REST\nAPIs - Problem-solving and analytical skills\n\nPreferred Qualifications: - Experience with version control systems like\nGit - Knowledge of web technologies (HTML, CSS, JavaScript) - Internship\nor project experience in software development\n\nSalary: Competitive, based on experience\n\nCompany: TechNova Solutions Pvt Ltd']","Skills needed include Photoshop, Illustrator, Figma, creativity, typography, and branding.",,,0.0,
What companies hire software engineers in India?,"### Companies Hiring Software Engineers in India
Based on the provided context, the following companies are mentioned as hiring software engineers in India:

* TechNova Solutions Pvt Ltd (mentioned in [Document 6 — job_description.txt])
* The company mentioned in [Document 4 — job_description.txt] is not explicitly named, but it is looking for a Software Developer (Java) in Bangalore, India.

Please note that this information is limited to the context provided and may not be an exhaustive list of companies hiring software engineers in India. 
It is recommended to upload more documents to get a comprehensive list of companies hiring software engineers in India.","['KONDURI LAKSHMI PRASANNA\nkonduriprasanna22@gmail.com | 9381006697 | LinkedIn | GitHub\nOBJECTIVE\nSoftware engineering undergraduate with strong programming fundamentals in Java and data structures. Seeking an\ninternship opportunity to apply core computer science concepts, contribute to enterprise software development, and gain\nhands-on industry experience.\nEDUCATION\nShri Vishnu Engineering College for Women, Bhimavaram2024–2028\nB.Tech in Information Technology —9.38 CGPA\nBhashyam Junior College, Rajahmundry2022–2024\nIntermediate —97%\nVigjnana Mandir High School, Rajahmundry2022\nSSC —95.6%\nTECHNICAL SKILLS\n•Programming Languages:Java (Core Java, OOP), Python, C, JavaScript\n•Backend Development:Django, RESTful APIs\n•Databases:MongoDB\n•Web Technologies:React, HTML, CSS'
 '•CodeChef Rating: 1186\n•Hacktoberfest 2025 Contributor —6+ merged PRs\nCERTIFICATIONS\n•Java Programming Fundamentals — Infosys Springboard (2025)\n•Introducing Generative AI with AWS — AWS (2025)\n•Prompt Engineering — 2025\nEXTRA-CURRICULAR\n•Peer Mentor, VSSC — Mentored juniors in programming\n•SheFi Scholar — Cohort 15'
 '•Built central dashboard for real-time monitoring and emergency response.\nGitHub Report Generator(GitHub) Python, REST API\n•Built API-based system to analyze repository activity and contributor metrics.\n•Processed commits, pull requests, and issues to generate structured reports.\n•Implemented pagination and parsing for large API responses.\nStudent Management System(GitHub) Python, OOP\n•Developed CRUD application to manage student records.\n•Implemented input validation and exception handling.\nACHIEVEMENTS\n•5th Place— Inceptrix 2.0 National Hackathon among2400+ participants\n•LeetCode Rating: 1467— Solved300+ DSA problems\n•Top 4 of 118on Smart Interviews\n•CodeChef Rating: 1186\n•Hacktoberfest 2025 Contributor —6+ merged PRs\nCERTIFICATIONS'
 'Job Title: Software Developer (Java)\n\nLocation: Bangalore, India\n\nJob Type: Full-time\n\nJob Description: We are looking for a passionate and motivated Software\nDeveloper with strong knowledge of Java to join our dynamic development\nteam. The candidate will be responsible for designing, developing, and\nmaintaining scalable applications.\n\nKey Responsibilities: - Develop high-quality software design and\narchitecture - Write clean, efficient, and well-documented code in\nJava - Collaborate with cross-functional teams to define and ship new\nfeatures - Troubleshoot, debug, and upgrade existing systems -\nParticipate in code reviews and improve development practices'
 'KOTAGIRI KA VY A SRI\nkotagirikavyasri1845@gmail.com | 6305204700 | LinkedIn | GitHub\nOBJECTIVE\nMotivated and detail-oriented student with a strong interest in problem-solving and software development. Currently building a solid\nfoundation in Data Structures and Algorithms using Java, and seeking an internship to apply technical skills while contributing to\nreal-world software projects.\nEDUCATION\nShri Vishnu Engineering College for Women, Bhimavaram 2024–2028\nB.Tech in IT, CGPA: 9.02\nPrathibha Junior College, Rajahmundry 2022–2024\nIntermediate, 96.8%\nDR KKRS Gowtham High School, Rajahmundry 2022\nSSC, 93%\nSKILLS\n• Languages: Java, Python, C\n• Web: HTML, CSS\n• Databases & Tools: MySQL, Git, GitHub\n• Core: Data Structures & Algorithms, Problem Solving\nCODING PROFILES\n• LeetCode\n• Codeforces'
 'Required Skills: - Strong understanding of Java and OOP concepts -\nFamiliarity with Spring Framework (Spring Boot preferred) - Basic\nknowledge of databases like MySQL or MongoDB - Understanding of REST\nAPIs - Problem-solving and analytical skills\n\nPreferred Qualifications: - Experience with version control systems like\nGit - Knowledge of web technologies (HTML, CSS, JavaScript) - Internship\nor project experience in software development\n\nSalary: Competitive, based on experience\n\nCompany: TechNova Solutions Pvt Ltd']","Top companies include TCS, Infosys, Wipro, Google, Microsoft, Amazon, and Flipkart.",,,0.0,
What course should I do to become a chartered accountant?,📂 No relevant information found in your uploaded documents. Please upload documents and rebuild the knowledge base.,"['KONDURI LAKSHMI PRASANNA\nkonduriprasanna22@gmail.com | 9381006697 | LinkedIn | GitHub\nOBJECTIVE\nSoftware engineering undergraduate with strong programming fundamentals in Java and data structures. Seeking an\ninternship opportunity to apply core computer science concepts, contribute to enterprise software development, and gain\nhands-on industry experience.\nEDUCATION\nShri Vishnu Engineering College for Women, Bhimavaram2024–2028\nB.Tech in Information Technology —9.38 CGPA\nBhashyam Junior College, Rajahmundry2022–2024\nIntermediate —97%\nVigjnana Mandir High School, Rajahmundry2022\nSSC —95.6%\nTECHNICAL SKILLS\n•Programming Languages:Java (Core Java, OOP), Python, C, JavaScript\n•Backend Development:Django, RESTful APIs\n•Databases:MongoDB\n•Web Technologies:React, HTML, CSS'
 '•Built central dashboard for real-time monitoring and emergency response.\nGitHub Report Generator(GitHub) Python, REST API\n•Built API-based system to analyze repository activity and contributor metrics.\n•Processed commits, pull requests, and issues to generate structured reports.\n•Implemented pagination and parsing for large API responses.\nStudent Management System(GitHub) Python, OOP\n•Developed CRUD application to manage student records.\n•Implemented input validation and exception handling.\nACHIEVEMENTS\n•5th Place— Inceptrix 2.0 National Hackathon among2400+ participants\n•LeetCode Rating: 1467— Solved300+ DSA problems\n•Top 4 of 118on Smart Interviews\n•CodeChef Rating: 1186\n•Hacktoberfest 2025 Contributor —6+ merged PRs\nCERTIFICATIONS'
 '•CodeChef Rating: 1186\n•Hacktoberfest 2025 Contributor —6+ merged PRs\nCERTIFICATIONS\n•Java Programming Fundamentals — Infosys Springboard (2025)\n•Introducing Generative AI with AWS — AWS (2025)\n•Prompt Engineering — 2025\nEXTRA-CURRICULAR\n•Peer Mentor, VSSC — Mentored juniors in programming\n•SheFi Scholar — Cohort 15'
 'KOTAGIRI KA VY A SRI\nkotagirikavyasri1845@gmail.com | 6305204700 | LinkedIn | GitHub\nOBJECTIVE\nMotivated and detail-oriented student with a strong interest in problem-solving and software development. Currently building a solid\nfoundation in Data Structures and Algorithms using Java, and seeking an internship to apply technical skills while contributing to\nreal-world software projects.\nEDUCATION\nShri Vishnu Engineering College for Women, Bhimavaram 2024–2028\nB.Tech in IT, CGPA: 9.02\nPrathibha Junior College, Rajahmundry 2022–2024\nIntermediate, 96.8%\nDR KKRS Gowtham High School, Rajahmundry 2022\nSSC, 93%\nSKILLS\n• Languages: Java, Python, C\n• Web: HTML, CSS\n• Databases & Tools: MySQL, Git, GitHub\n• Core: Data Structures & Algorithms, Problem Solving\nCODING PROFILES\n• LeetCode\n• Codeforces'
 'Job Title: Software Developer (Java)\n\nLocation: Bangalore, India\n\nJob Type: Full-time\n\nJob Description: We are looking for a passionate and motivated Software\nDeveloper with strong knowledge of Java to join our dynamic development\nteam. The candidate will be responsible for designing, developing, and\nmaintaining scalable applications.\n\nKey Responsibilities: - Develop high-quality software design and\narchitecture - Write clean, efficient, and well-documented code in\nJava - Collaborate with cross-functional teams to define and ship new\nfeatures - Troubleshoot, debug, and upgrade existing systems -\nParticipate in code reviews and improve development practices'
 '• Core: Data Structures & Algorithms, Problem Solving\nCODING PROFILES\n• LeetCode\n• Codeforces\n• CodeChef\nPROJECTS\nDataSense – Intelligent Log Analyzer (GitHub) Core Java, File I/O, Regex\n• Built a core-Java log analysis tool parsing unstructured logs and extracting recurring patterns.\n• Implemented regex-based parsing, n-gram pattern mining, and noise reduction.\n• CLI workflow for scanning log directories and exporting summaries to CSV/JSON.\nGitHub Report Generator (GitHub) Python, GitHub API\n• Fetches user statistics using GitHub API (commits, last activity) for any given username.\nStudent Management System (GitHub) Python\n• Developed a CRUD-based record management system for student data with validation.\nCERTIFICATIONS']","To become a CA you need to clear CA Foundation, CA Intermediate, and CA Final exams conducted by ICAI.",,,0.0,
What careers are good for a student interested in computers and creativity?,"### Careers for Students Interested in Computers and Creativity
Based on the provided context, it appears that students interested in computers and creativity can pursue careers in software development. 

#### Relevant Information from Documents
* From [Document 1 — PrasannaKonduri.pdf], we see that Prasanna is a software engineering undergraduate with strong programming fundamentals in Java and data structures, seeking an internship opportunity to apply core computer science concepts and contribute to enterprise software development.
* [Document 5 — job_description.txt] mentions a job title: Software Developer (Java), which involves designing, developing, and maintaining scalable applications, indicating a need for creative problem-solving in software development.

#### Key Points
* Software development involves designing, developing, and maintaining applications, which can be a creative outlet for those interested in computers.
* Students with strong programming fundamentals, like Java and data structures, can pursue careers in software development.
* Creativity in software development can be applied in various aspects, such as designing user interfaces, developing algorithms, and solving complex problems.

However, the context does not provide an exhaustive list of careers for students interested in computers and creativity. To get a more comprehensive understanding, uploading more documents related to career guidance and computer science fields may be helpful.","['KONDURI LAKSHMI PRASANNA\nkonduriprasanna22@gmail.com | 9381006697 | LinkedIn | GitHub\nOBJECTIVE\nSoftware engineering undergraduate with strong programming fundamentals in Java and data structures. Seeking an\ninternship opportunity to apply core computer science concepts, contribute to enterprise software development, and gain\nhands-on industry experience.\nEDUCATION\nShri Vishnu Engineering College for Women, Bhimavaram2024–2028\nB.Tech in Information Technology —9.38 CGPA\nBhashyam Junior College, Rajahmundry2022–2024\nIntermediate —97%\nVigjnana Mandir High School, Rajahmundry2022\nSSC —95.6%\nTECHNICAL SKILLS\n•Programming Languages:Java (Core Java, OOP), Python, C, JavaScript\n•Backend Development:Django, RESTful APIs\n•Databases:MongoDB\n•Web Technologies:React, HTML, CSS'
 '•Backend Development:Django, RESTful APIs\n•Databases:MongoDB\n•Web Technologies:React, HTML, CSS\n•Tools & Platforms:Git, GitHub, Vercel\n•CS Fundamentals:Data Structures & Algorithms, Operating Systems, DBMS\nCODING PROFILES\n•LeetCode: leetcode.com/u/kondurilakshmiprasanna\n•Codeforces: codeforces.com/profile/Prasanna2025\n•CodeChef: codechef.com/users/prasanna_2025\nPROJECTS\nIVERAS – Intelligent Vehicle Emergency Response & Assistance System(GitHub | Live) React, JavaScript,\nVercel,MongoDB\n•Architected automated vehicle safety system with real-time accident detection.\n•Developed smart diagnostics for fuel monitoring and tire repair alerts.\n•Integrated women’s SOS safety trigger and anti-theft alert system.\n•Built central dashboard for real-time monitoring and emergency response.'
 '•Built central dashboard for real-time monitoring and emergency response.\nGitHub Report Generator(GitHub) Python, REST API\n•Built API-based system to analyze repository activity and contributor metrics.\n•Processed commits, pull requests, and issues to generate structured reports.\n•Implemented pagination and parsing for large API responses.\nStudent Management System(GitHub) Python, OOP\n•Developed CRUD application to manage student records.\n•Implemented input validation and exception handling.\nACHIEVEMENTS\n•5th Place— Inceptrix 2.0 National Hackathon among2400+ participants\n•LeetCode Rating: 1467— Solved300+ DSA problems\n•Top 4 of 118on Smart Interviews\n•CodeChef Rating: 1186\n•Hacktoberfest 2025 Contributor —6+ merged PRs\nCERTIFICATIONS'
 'KOTAGIRI KA VY A SRI\nkotagirikavyasri1845@gmail.com | 6305204700 | LinkedIn | GitHub\nOBJECTIVE\nMotivated and detail-oriented student with a strong interest in problem-solving and software development. Currently building a solid\nfoundation in Data Structures and Algorithms using Java, and seeking an internship to apply technical skills while contributing to\nreal-world software projects.\nEDUCATION\nShri Vishnu Engineering College for Women, Bhimavaram 2024–2028\nB.Tech in IT, CGPA: 9.02\nPrathibha Junior College, Rajahmundry 2022–2024\nIntermediate, 96.8%\nDR KKRS Gowtham High School, Rajahmundry 2022\nSSC, 93%\nSKILLS\n• Languages: Java, Python, C\n• Web: HTML, CSS\n• Databases & Tools: MySQL, Git, GitHub\n• Core: Data Structures & Algorithms, Problem Solving\nCODING PROFILES\n• LeetCode\n• Codeforces'
 'Job Title: Software Developer (Java)\n\nLocation: Bangalore, India\n\nJob Type: Full-time\n\nJob Description: We are looking for a passionate and motivated Software\nDeveloper with strong knowledge of Java to join our dynamic development\nteam. The candidate will be responsible for designing, developing, and\nmaintaining scalable applications.\n\nKey Responsibilities: - Develop high-quality software design and\narchitecture - Write clean, efficient, and well-documented code in\nJava - Collaborate with cross-functional teams to define and ship new\nfeatures - Troubleshoot, debug, and upgrade existing systems -\nParticipate in code reviews and improve development practices'
 '• Core: Data Structures & Algorithms, Problem Solving\nCODING PROFILES\n• LeetCode\n• Codeforces\n• CodeChef\nPROJECTS\nDataSense – Intelligent Log Analyzer (GitHub) Core Java, File I/O, Regex\n• Built a core-Java log analysis tool parsing unstructured logs and extracting recurring patterns.\n• Implemented regex-based parsing, n-gram pattern mining, and noise reduction.\n• CLI workflow for scanning log directories and exporting summaries to CSV/JSON.\nGitHub Report Generator (GitHub) Python, GitHub API\n• Fetches user statistics using GitHub API (commits, last activity) for any given username.\nStudent Management System (GitHub) Python\n• Developed a CRUD-based record management system for student data with validation.\nCERTIFICATIONS']","Careers include UI/UX Designer, Web Developer, Game Developer, Graphic Designer, or Digital Marketer.",,,0.0,
